Streamer,URL
VeryBadSCAV,https://clips.twitch.tv/MoldyTentativePlumberSuperVinlin-QokiDxpfQaSC48nL
VeryBadSCAV,https://clips.twitch.tv/ArborealTardyTaroTakeNRG-yh33ey_fYm7-j-s4
VeryBadSCAV,https://clips.twitch.tv/FaithfulDirtyLatteDoritosChip-R4h49hbkVEkO0pnu
VeryBadSCAV,https://clips.twitch.tv/AmusedTacitLocustKappaWealth-_X3CGhSDdD93_dlC
VeryBadSCAV,https://clips.twitch.tv/WanderingShyHamburgerShadyLulu-lygVHQOIMDIpsPD1
VeryBadSCAV,https://clips.twitch.tv/InnocentSillyMonkeyHotPokket-Gq8PVcwAaNxKI30s
VeryBadSCAV,https://clips.twitch.tv/DeterminedBreakableEyeballJonCarnage-WvNoCD-eU9x52T34
VeryBadSCAV,https://clips.twitch.tv/HappyTriangularUdonMikeHogu-c1_xW-Iw0gnb5m28
VeryBadSCAV,https://clips.twitch.tv/StrangeCorrectShrimpArsonNoSexy-qfC4A26j19phGsfL
VeryBadSCAV,https://clips.twitch.tv/BreakableNimbleNewtPhilosoraptor-GWsxaaCU7X3Xt6Et
VeryBadSCAV,https://clips.twitch.tv/RespectfulPeacefulDugongTheThing-_Lg5ksFAjSqpk8v-
VeryBadSCAV,https://clips.twitch.tv/TameGeniusSparrowPupper-U70gVDxey2mWijnE
VeryBadSCAV,https://clips.twitch.tv/BoxyBombasticMangoWoofer-bnw-dbE5l_LeP4Cg
VeryBadSCAV,https://clips.twitch.tv/FurryInexpensiveSalmonRiPepperonis-0hk4XvmxwntfiArf
VeryBadSCAV,https://clips.twitch.tv/KathishElatedLapwingBatChest-c_thTrxg-J1ggQz6
VeryBadSCAV,https://clips.twitch.tv/HotRichTeaPoooound-fR8hL1xO4u9Z4De0
VeryBadSCAV,https://clips.twitch.tv/BitterKnottySpaghettiDoggo-4GpRDIBvwNCcik54
VeryBadSCAV,https://clips.twitch.tv/TangentialSmellyCheddarBabyRage-HjsVhEQFCju-dc1j
VeryBadSCAV,https://clips.twitch.tv/PlacidTubularJalapenoTheTarFu-ub4ioeVOXY6AIhPg
VeryBadSCAV,https://clips.twitch.tv/PlainObservantCrowHeyGuys-xenBXfiFeYjLQ8W3
VeryBadSCAV,https://clips.twitch.tv/SpunkyMildYakAMPEnergyCherry-FgkP9TAH-KH7xAhD
VeryBadSCAV,https://clips.twitch.tv/DignifiedIcyGarageBCouch-QKK_huQd6pkbBrf9
VeryBadSCAV,https://clips.twitch.tv/TenderBusyRuffDAESuppy-353bul_DypEbnENV
VeryBadSCAV,https://clips.twitch.tv/ExpensiveCrypticOilCmonBruh-WTshIe8IWfO1Jf3j
VeryBadSCAV,https://clips.twitch.tv/ConsiderateTemperedWalrusOSkomodo-PJQcbWpWHh6E7-to
VeryBadSCAV,https://clips.twitch.tv/CuteSpotlessBorkWholeWheat-Pxkjkir3D2Y0qhF6
VeryBadSCAV,https://clips.twitch.tv/PleasantSmilingPizzaRalpherZ-cuPVEIMaDvuXEQBn
VeryBadSCAV,https://clips.twitch.tv/SparklingIronicGorillaYouWHY-EsgJAX1eAlHNG9Gi
VeryBadSCAV,https://clips.twitch.tv/FrozenDrabFlyDerp-kIR22QSb5WYtRYAf
VeryBadSCAV,https://clips.twitch.tv/InterestingArtsySproutWholeWheat-pUTbbuA1BGblvA_C
VeryBadSCAV,https://clips.twitch.tv/CuriousTentativeQuailBCWarrior-1BrOGIUHkvJqWx3U
VeryBadSCAV,https://clips.twitch.tv/AntsyEnthusiasticCiderOneHand-qGe25moPWwLTWu2J
VeryBadSCAV,https://clips.twitch.tv/RichGorgeousBobaHotPokket-_FvxD9A4Kvx1VbFU
VeryBadSCAV,https://clips.twitch.tv/PopularCrowdedBarracudaVoHiYo-riHvc94Tq7rRaie9
VeryBadSCAV,https://clips.twitch.tv/ColdbloodedAlertKathyNononoCat-sGLurXkAyoS4FM-r
VeryBadSCAV,https://clips.twitch.tv/LitigiousCogentElkBCWarrior-wpeRNUDJQZ24a-b-
VeryBadSCAV,https://clips.twitch.tv/ImpartialSucculentGullMcaT-8QnfLgW6meih8SuC
VeryBadSCAV,https://clips.twitch.tv/HumbleWittySkunkTF2John-32S9hnV2MP5yw7xQ
VeryBadSCAV,https://clips.twitch.tv/RacyRenownedPidgeonBabyRage-UjnIp_oayzQXxrjP
VeryBadSCAV,https://clips.twitch.tv/CreativeGeniusFinchPanicVis-lpxNHFSKHksll50P
VeryBadSCAV,https://clips.twitch.tv/TawdryWealthyHeronRalpherZ-zK1qurNVuc610LGs
VeryBadSCAV,https://clips.twitch.tv/CrowdedArtsyBeaverDansGame-ky-nCgaicfV10Th4
VeryBadSCAV,https://clips.twitch.tv/LovelyPreciousCockroachFreakinStinkin-yPJ44_mUTdhLTZTc
VeryBadSCAV,https://clips.twitch.tv/SpinelessTenuousManateeOSkomodo-fnjsMk7di3EWo7IP
VeryBadSCAV,https://clips.twitch.tv/BrainyEasyNightingaleTheThing-IuDr2HWETbrsQ_0y
VeryBadSCAV,https://clips.twitch.tv/ProductiveInterestingDoveOptimizePrime-HTuugkiIs6e0BlNI
VeryBadSCAV,https://clips.twitch.tv/HumbleEnjoyableSkunkPoooound-oc_v3WBH1ZTfRkXk
VeryBadSCAV,https://clips.twitch.tv/FaithfulIgnorantTofuKippa-ztpu2d_duW2uSdfp
VeryBadSCAV,https://clips.twitch.tv/CrypticCleverOctopusFunRun-tCUkMgABTIJY7jyD
VeryBadSCAV,https://clips.twitch.tv/InexpensiveSleepyWalletSoonerLater-11WrTGst9GZBoRsI
VeryBadSCAV,https://clips.twitch.tv/CoweringJollyPhoneTheTarFu-V6EDw-lnKaBbBw_p
VeryBadSCAV,https://clips.twitch.tv/TubularGenerousMooseCurseLit-ivbB_tSGzTv9jhaL
VeryBadSCAV,https://clips.twitch.tv/BumblingUninterestedToadKeyboardCat-lUqA4RxfTmjzrCUH
VeryBadSCAV,https://clips.twitch.tv/NastyBeautifulSwallowPanicVis-HP7tMaqeTtStaGdn
VeryBadSCAV,https://clips.twitch.tv/NiceAssiduousFoxWoofer-X15Qv_XQovCQy7t6
VeryBadSCAV,https://clips.twitch.tv/UgliestExquisiteSalmonDeIlluminati-cCvESS7WD3DRhTVa
VeryBadSCAV,https://clips.twitch.tv/UglyShakingJamSwiftRage-83e6WGqELdgD9kd0
VeryBadSCAV,https://clips.twitch.tv/InspiringNastySnailKlappa-feGYYies0oxiC2T4
VeryBadSCAV,https://clips.twitch.tv/FrozenDignifiedGuanacoPRChase-7CHxLipYoG49mXHI
VeryBadSCAV,https://clips.twitch.tv/GoldenLitigiousLemurGingerPower-wRDN2-O52a8Bjz61
VeryBadSCAV,https://clips.twitch.tv/FriendlyOriginalArugulaTheRinger-RBP5bk5sDcuTTTEm
VeryBadSCAV,https://clips.twitch.tv/ThankfulTriangularKittenDendiFace-5r_zEy0ZIzMN3hcB
VeryBadSCAV,https://clips.twitch.tv/PricklyEnthusiasticOkapiSmoocherZ-wJBmHCp8VwDOWv2q
VeryBadSCAV,https://clips.twitch.tv/SingleCrowdedSpaghettiWholeWheat-1cLvjalo80cE4pBX
VeryBadSCAV,https://clips.twitch.tv/RenownedBlazingPartridgeKeepo-wqGVeaDq4VZOINB1
VeryBadSCAV,https://clips.twitch.tv/GiftedFlirtyCurryDxAbomb-onM2LYiY1XJKuN5U
VeryBadSCAV,https://clips.twitch.tv/PluckyHungryYogurtWow-MDokFJEjjeRnwSLy
VeryBadSCAV,https://clips.twitch.tv/BadRespectfulTroutEagleEye-HbD1VN5akPgL7z9h
VeryBadSCAV,https://clips.twitch.tv/MotionlessBoringRadicchioNononoCat-xf7jk9thV3Ndc5c3
VeryBadSCAV,https://clips.twitch.tv/HardSmokyStrawberryShadyLulu-Sja9cR7cNGtIm5Hc
VeryBadSCAV,https://clips.twitch.tv/PlayfulProudSkirretHeyGuys-xayhPifNDkdOoW4u
VeryBadSCAV,https://clips.twitch.tv/CoweringTrappedBoarFloof-TosgeF-VEGFujaLf
VeryBadSCAV,https://clips.twitch.tv/EmpathicRespectfulCarrotHeyGuys-ePqZPH8uQkAshHIK
VeryBadSCAV,https://clips.twitch.tv/ProductiveWittyKuduBatChest-RjbeAECnLtoyQTom
VeryBadSCAV,https://clips.twitch.tv/RepleteColdLemurHassanChop-C6uEJf_1vaKoSuGw
VeryBadSCAV,https://clips.twitch.tv/ScrumptiousPolishedStrawberryVoHiYo-8x6htCXssT-C60T3
VeryBadSCAV,https://clips.twitch.tv/BusyReliableJackalMoreCowbell-3teDrz40PJ7Aoe9I
VeryBadSCAV,https://clips.twitch.tv/DarkBadPizzaNomNom-8duvHMItOl4QbPXy
VeryBadSCAV,https://clips.twitch.tv/SuspiciousCloudyWasabiPeoplesChamp-hsnM6DnHwjXigTBN
VeryBadSCAV,https://clips.twitch.tv/GeniusTawdryAniseAsianGlow-a_BQ4LtPPX0ow7Vw
VeryBadSCAV,https://clips.twitch.tv/WimpyTolerantPastaYouWHY-sqFVpo9D7VF4hhy8
VeryBadSCAV,https://clips.twitch.tv/ApatheticTemperedTriangleKappaClaus-rA8ugoJRV9nPaGd9
VeryBadSCAV,https://clips.twitch.tv/HorribleHandsomeLionTakeNRG-9Mz-8wKODr2D6_Yo
VeryBadSCAV,https://clips.twitch.tv/HardWittyVelociraptorHassaanChop-7ZhvNCvTDfdL_Q3_
VeryBadSCAV,https://clips.twitch.tv/RamshackleAlertCucumberLeeroyJenkins-qMWFrLqXBL9-zHS9
VeryBadSCAV,https://clips.twitch.tv/CaringSplendidYakinikuDogFace-TsjbVRv9St_trFK_
VeryBadSCAV,https://clips.twitch.tv/PhilanthropicGenerousBoarGOWSkull-d2BX_p-giuTty6C_
VeryBadSCAV,https://clips.twitch.tv/TenaciousPrettyRabbitBudStar-nAUSqFVv3gfgZYYB
VeryBadSCAV,https://clips.twitch.tv/SuccessfulAdventurousGrouseBudBlast-_SQWHB6FmBimP1Cu
LVNDMARK,https://clips.twitch.tv/TangentialSquareReubenFutureMan-i6YBj_vNqz4LzQgC
LVNDMARK,https://clips.twitch.tv/ShyAnnoyingGarageSeemsGood
LVNDMARK,https://clips.twitch.tv/ResoluteLongRutabagaOneHand-1667WIHQdXBrdFXl
LVNDMARK,https://clips.twitch.tv/SecretiveInterestingQueleaTBTacoLeft-xSeEs--MEjpf3taw
LVNDMARK,https://clips.twitch.tv/ProudDelightfulOrangeDancingBanana--06PtOdG_L72tu9W
LVNDMARK,https://clips.twitch.tv/PleasantGentleOtterKappa-_FJwjL2WSyEe3anL
LVNDMARK,https://clips.twitch.tv/NimbleComfortableLettuceChefFrank
LVNDMARK,https://clips.twitch.tv/ObeseGleamingYakKappa-Hl0FXFaRS_EFMHfb
LVNDMARK,https://clips.twitch.tv/ExuberantBlueMosquitoShazBotstix-KHrEJE0F7v794GWp
LVNDMARK,https://clips.twitch.tv/ProtectiveArtsyParrotBrainSlug-JiNhpEGTwYDiri9S
LVNDMARK,https://clips.twitch.tv/LitigiousTrappedAniseDuDudu-3dH1qm8TNPa0YVZi
LVNDMARK,https://clips.twitch.tv/PeppyFitGiraffeKevinTurtle
LVNDMARK,https://clips.twitch.tv/ObliqueGleamingMomVoteYea-h9JZWuh0jusHjpNN
LVNDMARK,https://clips.twitch.tv/FitBetterToothDancingBanana-t7lTquzCyI26SDz6
LVNDMARK,https://clips.twitch.tv/TiredSweetCasetteKreygasm
LVNDMARK,https://clips.twitch.tv/BombasticVibrantCroissantGOWSkull-uLTxh83v8UBK8tO6
LVNDMARK,https://clips.twitch.tv/RoughFriendlyPonyCclamChamp
LVNDMARK,https://clips.twitch.tv/SlickConfidentLettuceANELE
LVNDMARK,https://clips.twitch.tv/SarcasticExcitedKleeTriHard-9pQtm-GULQXWQIZq
LVNDMARK,https://clips.twitch.tv/GracefulRealPigeonGingerPower
LVNDMARK,https://clips.twitch.tv/ThankfulSavageNikudonYouDontSay-J10uz_PMf0-_-lQs
LVNDMARK,https://clips.twitch.tv/AssiduousEasyPeanutRlyTho-bKgDWy70V8Rd7mtP
LVNDMARK,https://clips.twitch.tv/AmorphousHardOrcaVoHiYo
LVNDMARK,https://clips.twitch.tv/AggressiveLaconicScorpionANELE-dVMUZHgIQ74xvzwJ
LVNDMARK,https://clips.twitch.tv/SilkyCharmingLegBabyRage-h0q7xeCD9UDi4QxX
LVNDMARK,https://clips.twitch.tv/ObliviousMoistJuicePicoMause
LVNDMARK,https://clips.twitch.tv/InterestingCleanPuffinYouWHY-YhHreOttu6HQb6lO
LVNDMARK,https://clips.twitch.tv/ResourcefulRelentlessShieldUnSane
LVNDMARK,https://clips.twitch.tv/RespectfulSpikySamosaDatSheffy-R3BvzC34XIVnrCO-
LVNDMARK,https://clips.twitch.tv/AmorphousPlausibleRedpandaYouDontSay-el9aPkQrAd_KKZGo
LVNDMARK,https://clips.twitch.tv/LazyPolishedPassionfruitBudBlast
LVNDMARK,https://clips.twitch.tv/ScaryAbstruseFishChocolateRain-bWLxaO8aV6xprR5G
LVNDMARK,https://clips.twitch.tv/ColdbloodedAthleticRavenPicoMause-y45bQOe6I43_7ziY
LVNDMARK,https://clips.twitch.tv/MistyResourcefulNuggetsFunRun-RIj14CeLNZeb36B8
LVNDMARK,https://clips.twitch.tv/ShyFuriousGarlicAMPEnergy-kckCoXF6jWhqWhrN
LVNDMARK,https://clips.twitch.tv/SolidSavageGoatOneHand-Qrkk32Xi1jkGZ_Hc
LVNDMARK,https://clips.twitch.tv/FineCrunchyGaurDatBoi
LVNDMARK,https://clips.twitch.tv/BlatantArbitraryLasagnaTF2John-4LYTlnmyssQLPbgF
LVNDMARK,https://clips.twitch.tv/LivelyAverageWrenGrammarKing
LVNDMARK,https://clips.twitch.tv/OddTalentedBaguetteHumbleLife-kIvTrsK6ojCylfio
LVNDMARK,https://clips.twitch.tv/AntediluvianResoluteSardineLitFam
LVNDMARK,https://clips.twitch.tv/EmpathicDeliciousStrawberryMau5
LVNDMARK,https://clips.twitch.tv/LazyDelightfulTildeTheTarFu
LVNDMARK,https://clips.twitch.tv/AnimatedFurrySalmonNomNom-VkXJOLIq3EkpWIwq
LVNDMARK,https://clips.twitch.tv/SplendidConsideratePepperoniPMSTwin-Hl0J4QmltL5l5q7W
LVNDMARK,https://clips.twitch.tv/FragileExpensiveMangoMingLee
LVNDMARK,https://clips.twitch.tv/BreakableHeadstrongLEDHumbleLife-o-COKqF-EziLwszN
LVNDMARK,https://clips.twitch.tv/RichPowerfulPuppyArgieB8-YVmpHQfkKYnCiSHH
LVNDMARK,https://clips.twitch.tv/CrispyTalentedHabaneroOptimizePrime
LVNDMARK,https://clips.twitch.tv/AliveEntertainingCoffeeStinkyCheese-F963OJ9YIMsuR6fN
LVNDMARK,https://clips.twitch.tv/ReliableFunAlfalfaAMPEnergy-YeM14oGjG_qiczD5
LVNDMARK,https://clips.twitch.tv/AssiduousYummyEagleSMOrc
LVNDMARK,https://clips.twitch.tv/NaiveArtsyAntArsonNoSexy-SN9_dXihkPwiIonb
LVNDMARK,https://clips.twitch.tv/CrowdedExpensiveShallotBIRB
LVNDMARK,https://clips.twitch.tv/TiredSilkyButterflyRaccAttack-QUDaCEiONJ9y8L5l
LVNDMARK,https://clips.twitch.tv/RelievedShortPotNinjaGrumpy-VmxPIlw3aXyl-QYe
LVNDMARK,https://clips.twitch.tv/OptimisticCourteousChipmunkCopyThis
LVNDMARK,https://clips.twitch.tv/AmazonianTawdryPeachOMGScoots-0YEQzdoENlxlGcPG
LVNDMARK,https://clips.twitch.tv/ExpensiveEagerDeerAliens-Dpie9qjgGKeezq6O
LVNDMARK,https://clips.twitch.tv/ProtectiveHyperAyeayeLitty-Od10eO5Ebh-_Sucb
LVNDMARK,https://clips.twitch.tv/EndearingPluckyHerdYouWHY-aUD7NHxsalDmcNgN
LVNDMARK,https://clips.twitch.tv/FrozenHorribleBearKappaClaus-NZcePTsOBm3V6pSy
LVNDMARK,https://clips.twitch.tv/CallousPoisedNikudonDancingBanana
LVNDMARK,https://clips.twitch.tv/AthleticAstuteAmazonThisIsSparta
LVNDMARK,https://clips.twitch.tv/PleasantAmusedKoupreyWutFace-SSYt3WojM3nCWQ4x
LVNDMARK,https://clips.twitch.tv/AggressiveGrossMoonPogChamp-01iOij2D_0BSyW7_
LVNDMARK,https://clips.twitch.tv/RoughZanyCakeVoHiYo-DejocybU0qiQ0IV-
LVNDMARK,https://clips.twitch.tv/InspiringFamousHerringVoteYea-UIXaqXMVBKe9zbUi
LVNDMARK,https://clips.twitch.tv/CredulousZanyVultureSoBayed-TpoIcHcGcTym4euN
LVNDMARK,https://clips.twitch.tv/BadNurturingHamburgerSoonerLater-wxbVhcWmDcz6i-0S
LVNDMARK,https://clips.twitch.tv/IronicDrabOkapiRiPepperonis-YXqwfRCvAR41ERFl
LVNDMARK,https://clips.twitch.tv/BloodySpeedyNarwhalHotPokket-x7vshli4wWe4IfL7
LVNDMARK,https://clips.twitch.tv/RenownedSincereClintDBstyle
LVNDMARK,https://clips.twitch.tv/SpinelessZanyGoblinRuleFive-THWeQQudNcDkjkf5
LVNDMARK,https://clips.twitch.tv/PeppyRoundBulgogiEagleEye-sxysXT7DXx7jTZfs
LVNDMARK,https://clips.twitch.tv/ObeseAffluentDuckTBCheesePull
LVNDMARK,https://clips.twitch.tv/ShortSullenApeWTRuck-Q1jPuYhIzU_jqhQQ
LVNDMARK,https://clips.twitch.tv/ArborealTransparentBatteryBlargNaut
LVNDMARK,https://clips.twitch.tv/AdventurousSoftWerewolfVoHiYo-pg53P6YSMjFsGa29
LVNDMARK,https://clips.twitch.tv/GracefulCoweringJamAMPTropPunch-YWH4ruVFuwZFs_ot
LVNDMARK,https://clips.twitch.tv/BetterColorfulManateeYee-S4Vqo1Y4NnrqVvOB
LVNDMARK,https://clips.twitch.tv/StrangeTardyAsparagusPeteZaroll-K7pVuVxo1XUurYDn
LVNDMARK,https://clips.twitch.tv/HelpfulFineArugulaCharlieBitMe-BkLAUS0wECLJ2q4Y
LVNDMARK,https://clips.twitch.tv/SparklingExpensiveAlpacaPupper
LVNDMARK,https://clips.twitch.tv/FurryElatedBeef4Head-PIvtu0Hs40tiAGtF
LVNDMARK,https://clips.twitch.tv/AmericanSmokySpaghettiGingerPower
LVNDMARK,https://clips.twitch.tv/CrackyIronicGarlicPrimeMe
LVNDMARK,https://clips.twitch.tv/CourteousCarelessNewtPermaSmug-z0FkH5DW-VyVijBl
LVNDMARK,https://clips.twitch.tv/LitigiousCrunchyRedpandaThunBeast-QOWtIFhDnAkSn1WO
LVNDMARK,https://clips.twitch.tv/TriumphantAdventurousPeachMingLee-UCcDR1XiWbxkgdZP
LVNDMARK,https://clips.twitch.tv/BashfulCrispyGoblinPoooound
LVNDMARK,https://clips.twitch.tv/ArborealInexpensiveGiraffeNononoCat
LVNDMARK,https://clips.twitch.tv/DreamyFrailLorisPraiseIt-fkVjbN9jBpp0nZmA
Pestily,https://clips.twitch.tv/PluckySecretiveSushiDansGame-lxdX6nCJAf6XvbqF
Pestily,https://clips.twitch.tv/DeterminedDarkGrouseLitFam
Pestily,https://clips.twitch.tv/DelightfulVenomousTeaNerfRedBlaster-bzY0VDrjIL9IooVK
Pestily,https://clips.twitch.tv/VictoriousHilariousBeeTriHard-lHAwyKHchfeSM_Gi
Pestily,https://clips.twitch.tv/ArborealAffluentIcecreamChefFrank-2TEBdbAI1WQmSl6a
Pestily,https://clips.twitch.tv/EphemeralThoughtfulStrawberryBrainSlug-9vYLlvJ-i4Bve31_
Pestily,https://clips.twitch.tv/BadArborealCrowBudStar-OMAdolTkhqzBwk5P
Pestily,https://clips.twitch.tv/GeniusInterestingApeTTours-aecju5bxxCRIV-9H
Pestily,https://clips.twitch.tv/WonderfulExcitedPotResidentSleeper-iEqR399CT7rTVqt4
Pestily,https://clips.twitch.tv/DelightfulIncredulousToadRickroll-g_iOwVgITz0V038V
Pestily,https://clips.twitch.tv/GenerousAmazonianBoarNerfBlueBlaster-O7s20FhcJD4bfezg
Pestily,https://clips.twitch.tv/SneakyKnottyOcelotNinjaGrumpy-1C4qVdsffZO4zg1K
Pestily,https://clips.twitch.tv/CallousBenevolentMinkPanicVis-tjWmMcItlJMDypEa
Pestily,https://clips.twitch.tv/SeductiveFineAnacondaNinjaGrumpy-fTNXBBIUmVIjMuhi
Pestily,https://clips.twitch.tv/GlamorousYawningInternWow-qmbSx_hGt-tCL5d2
Pestily,https://clips.twitch.tv/ScrumptiousOptimisticWafflePartyTime-8VxnW7XERNsuGuHr
Pestily,https://clips.twitch.tv/AntsyRoughMartenThisIsSparta-7Wp2qHRaEo47Itzt
Pestily,https://clips.twitch.tv/BumblingAgreeableButterBCWarrior-bMpZ8W41H9yPalh0
Pestily,https://clips.twitch.tv/HealthyTriangularFalconTebowing-f6a7OP3bsQIJ67kP
Pestily,https://clips.twitch.tv/KathishFastCatOMGScoots-XLQBnQ0GV0ZEBrJr
Pestily,https://clips.twitch.tv/BrainyAbstruseOkapi4Head
Pestily,https://clips.twitch.tv/BlightedBoldYakinikuKappaWealth
Pestily,https://clips.twitch.tv/SmokyRockyPigNinjaGrumpy
Pestily,https://clips.twitch.tv/AmericanPerfectKangarooFunRun-yKNQqoiC7Fkpjkyy
Pestily,https://clips.twitch.tv/HeartlessBumblingHerdStoneLightning-MyRX_52NgT_vL0Gf
Pestily,https://clips.twitch.tv/AmericanDoubtfulPancakeFeelsBadMan-4JfMHvuGF6VUm6E1
Pestily,https://clips.twitch.tv/HappyAcceptableEggplantDerp
Pestily,https://clips.twitch.tv/EndearingShortAmazonBCWarrior-9C-tc_d1LVdtJ13B
Pestily,https://clips.twitch.tv/SavorySuspiciousCheddarDuDudu-Hm2z16hY8HSoDdKX
Pestily,https://clips.twitch.tv/HelpfulOddCatSMOrc-xAHHHhmQ1H0y59AS
Pestily,https://clips.twitch.tv/NiceGorgeousIguanaGingerPower-akWvjOhHWe00Zjec
Pestily,https://clips.twitch.tv/MildSuaveBaconNotATK-nx2AtwRu2nQ6KT79
Pestily,https://clips.twitch.tv/ComfortableNeighborlyRhinocerosTF2John-BPKrtWoFWN-gpw_9
Pestily,https://clips.twitch.tv/SarcasticCautiousBatSoonerLater-Qg6FLU0ojzDKiOkG
Pestily,https://clips.twitch.tv/NiceLivelySeahorseSwiftRage-WJ9Vx_Zk0IT_oMKU
Pestily,https://clips.twitch.tv/ProductiveAttractiveAmazonWholeWheat-1AivX2tiH8jI9hQU
Pestily,https://clips.twitch.tv/SaltyGenerousBisonAliens-6NZUqYsSl17YcfOY
Pestily,https://clips.twitch.tv/AgreeableWisePuddingDendiFace-eTxRyv92MZQo-iet
Pestily,https://clips.twitch.tv/ResolutePlayfulFriesSwiftRage-jwZHgCQ5PRCYmJqX
Pestily,https://clips.twitch.tv/ThoughtfulBelovedAnteaterYee-47VJk6DTJo_oQO_D
Pestily,https://clips.twitch.tv/HelpfulTangentialDugongTBCheesePull-IwHpxZBT70-bJVeZ
Pestily,https://clips.twitch.tv/ApatheticMushyLapwingThisIsSparta--4UFlf_TBMVq4lSu
Pestily,https://clips.twitch.tv/DarkDignifiedStingrayCclamChamp-sLU4chTts6TCOppM
Pestily,https://clips.twitch.tv/PricklyBigTeaTheRinger-JkGBRP2u_Xx7b-2H
Pestily,https://clips.twitch.tv/OddWealthyAlbatrossTheThing-Nyh3q0s2ZBYCobke
Pestily,https://clips.twitch.tv/CheerfulPowerfulMochaSuperVinlin
Pestily,https://clips.twitch.tv/ArtisticSpikyMallardBuddhaBar-ejmICrm6e2Z6Khrj
Pestily,https://clips.twitch.tv/HedonisticStormyLettuceKlappa-Im4KfFMaaURTszSl
Pestily,https://clips.twitch.tv/RenownedVastPizzaBleedPurple-wz65RDfITEpOSEMV
Pestily,https://clips.twitch.tv/AnnoyingSavageSandwichFrankerZ-zLwnYX3lvs3fv5g8
Pestily,https://clips.twitch.tv/ArtisticGleamingBurritoEagleEye-1ssQYW_EyYJhkvl5
Pestily,https://clips.twitch.tv/HotSullenYogurtYouDontSay-wWETHFEvFmGBK9AB
Pestily,https://clips.twitch.tv/PolishedCallousDugongTTours-MsbTgD8HOwPMt6QH
Pestily,https://clips.twitch.tv/RelievedTolerantYamKappaPride-zP2GMgWXEISixP4w
Pestily,https://clips.twitch.tv/SpookyOpenDragonflySoonerLater-ED643o8RwzpHoQU1
Pestily,https://clips.twitch.tv/TangentialFrozenIguanaNomNom-C9rjrY9RgHTi4swL
Pestily,https://clips.twitch.tv/AmericanGleamingJayLitFam-lCmBUaoBJEeTU0U8
Pestily,https://clips.twitch.tv/PoliteEnergeticTrollNinjaGrumpy
Pestily,https://clips.twitch.tv/OilySpeedyGoldfishDxAbomb-mhEhLYvkRbE7wDKy
Pestily,https://clips.twitch.tv/BetterGleamingYamStinkyCheese-auqHs0G5Nw61CE0w
Pestily,https://clips.twitch.tv/InspiringAliveOstrichGOWSkull-ZoQ8cH7c6jhdQjEI
Pestily,https://clips.twitch.tv/ShinySplendidBillPlanking-iZ-9ugYsHDYR1UAz
Pestily,https://clips.twitch.tv/RefinedFunPlumageKappaWealth-_r3ceLfX8dGWFB6O
Pestily,https://clips.twitch.tv/DaintyAbnegateSoybeanBatChest-wkBXdIR27Ak5umhO
Pestily,https://clips.twitch.tv/StormyDeliciousWrenDeIlluminati-AhewnJf6V7efCrwP
Pestily,https://clips.twitch.tv/DifficultNaiveEaglePoooound-QV5Sb6u_hE71zAmq
Pestily,https://clips.twitch.tv/SpookyBreakableChoughOhMyDog-eeiaqyZOZaSgnElf
Pestily,https://clips.twitch.tv/DifferentDrabFrogStoneLightning
Pestily,https://clips.twitch.tv/AstuteSpineyStorkDatSheffy-daIFxt_1VpoKHSUM
Pestily,https://clips.twitch.tv/DirtyArbitraryTomatoAliens-DQZU8R_79vw0EDdM
Pestily,https://clips.twitch.tv/CorrectResourcefulLapwingANELE-NfmoGZL7QvHfjpxy
Pestily,https://clips.twitch.tv/CoweringIronicSwordRalpherZ-alVB-rAPsyCzgLKH
Pestily,https://clips.twitch.tv/ArtsyFreezingRuffBudStar-IBDx0qr54DF7P4oi
Pestily,https://clips.twitch.tv/BlightedTenderWasabiDeIlluminati-OVvCZuYsRHt_oDLI
Pestily,https://clips.twitch.tv/MoldyConfidentWoodpeckerBCWarrior-ImN1tq1gpYFR-K9R
Pestily,https://clips.twitch.tv/DependableEvilElkBIRB-RSMMnBl2lo5zwKfr
Pestily,https://clips.twitch.tv/TiredAuspiciousCrowSSSsss-_qiMqdFrZl4e8zqN
Pestily,https://clips.twitch.tv/PlacidFastPlumberSoonerLater-N8bD1voq6PHymRku
Pestily,https://clips.twitch.tv/GoodAntediluvianGazelleWutFace
Pestily,https://clips.twitch.tv/SourFilthyEndiveOSkomodo-wiDah8b4v0skh0pK
Pestily,https://clips.twitch.tv/RelatedSeductiveFloofChefFrank-PmD5JqY7ZqpulfVc
Pestily,https://clips.twitch.tv/GrotesqueTangibleGuanacoPraiseIt-Yt35FkATk9LFP5Qb
Pestily,https://clips.twitch.tv/AnnoyingUglyTarsierShazBotstix
Pestily,https://clips.twitch.tv/DeliciousRichRadishRlyTho-FTFStU2cdLXx_BFZ
Pestily,https://clips.twitch.tv/SlickSpinelessRabbitMau5
Pestily,https://clips.twitch.tv/SparklyExpensiveSquidCoolCat-R2L8A8ngX9AOLEA1
Pestily,https://clips.twitch.tv/ThankfulCallousRabbitKappaRoss-BM1c0KtGa_-6l1nM
Pestily,https://clips.twitch.tv/ReliableHandsomeOtterKreygasm-pki7J9ajnnJo3q63
Pestily,https://clips.twitch.tv/CheerfulMagnificentRhinocerosPanicVis-BlbzunA78__uK7U4
Pestily,https://clips.twitch.tv/StrangeCarefulPidgeonUncleNox-fupXuv2NMWhr_kwM
Pestily,https://clips.twitch.tv/AdorableJoyousOstrichTwitchRPG-_AqOeiUuLDS9nk1H
VeryBadScav,https://www.twitch.tv/videos/2174236179
VeryBadScav,https://www.twitch.tv/videos/2170888935
VeryBadScav,https://www.twitch.tv/videos/2170032071
VeryBadScav,https://www.twitch.tv/videos/2169148750
VeryBadScav,https://www.twitch.tv/videos/2168379011
VeryBadScav,https://www.twitch.tv/videos/2167689836
VeryBadScav,https://www.twitch.tv/videos/2166883479
VeryBadScav,https://www.twitch.tv/videos/2160011349
VeryBadScav,https://www.twitch.tv/videos/2156529838
VeryBadScav,https://www.twitch.tv/videos/2156477893
VeryBadScav,https://www.twitch.tv/videos/2153538542
VeryBadScav,https://www.twitch.tv/videos/2152324483
VeryBadScav,https://www.twitch.tv/videos/2152154274
VeryBadScav,https://www.twitch.tv/videos/2146256654
VeryBadScav,https://www.twitch.tv/videos/2145343125
VeryBadScav,https://www.twitch.tv/videos/2144583116
VeryBadScav,https://www.twitch.tv/videos/2143791148
VeryBadScav,https://www.twitch.tv/videos/2141171854
VeryBadScav,https://www.twitch.tv/videos/2140429174
VeryBadScav,https://www.twitch.tv/videos/2135563253
VeryBadScav,https://www.twitch.tv/videos/2134324242
VeryBadScav,https://www.twitch.tv/videos/2132601520
VeryBadScav,https://www.twitch.tv/videos/2130383868
VeryBadScav,https://www.twitch.tv/videos/2129908447
VeryBadScav,https://www.twitch.tv/videos/2129212306
VeryBadScav,https://www.twitch.tv/videos/2129030411
VeryBadScav,https://www.twitch.tv/videos/2128189862
VeryBadScav,https://www.twitch.tv/videos/2127342438
VeryBadScav,https://www.twitch.tv/videos/2126481772
VeryBadScav,https://www.twitch.tv/videos/2125636756
VeryBadScav,https://www.twitch.tv/videos/1705995027
VeryBadScav,https://www.twitch.tv/videos/1603504361
VeryBadScav,https://www.twitch.tv/videos/1554860499
VeryBadScav,https://www.twitch.tv/videos/1552888456
VeryBadScav,https://www.twitch.tv/videos/1552645560
VeryBadScav,https://www.twitch.tv/videos/1551876310
VeryBadScav,https://www.twitch.tv/videos/1513204287
VeryBadScav,https://www.twitch.tv/videos/1474449176
LVNDMARK,https://www.twitch.tv/videos/2129439310
LVNDMARK,https://www.twitch.tv/videos/2129272621
LVNDMARK,https://www.twitch.tv/videos/2128574436
Pestily,https://www.twitch.tv/videos/2161968796
Pestily,https://www.twitch.tv/videos/2161113840
Pestily,https://www.twitch.tv/videos/2160056553
Pestily,https://www.twitch.tv/videos/2158605831
Pestily,https://www.twitch.tv/videos/2157663655
Pestily,https://www.twitch.tv/videos/2154252122
Pestily,https://www.twitch.tv/videos/2144119193
Pestily,https://www.twitch.tv/videos/2129219503
Pestily,https://www.twitch.tv/videos/1827622425
Pestily,https://www.twitch.tv/videos/1003168205
Pestily,https://www.twitch.tv/videos/997290520
Pestily,https://www.twitch.tv/videos/894972286
